<?xml version="1.0" encoding="UTF-8"?>
<config xmlns="http://www.knime.org/2008/09/XMLConfig" xmlns:xsi="http://www.w3.org/2001/XMLSchema-instance" xsi:schemaLocation="http://www.knime.org/2008/09/XMLConfig http://www.knime.org/XMLConfig_2008_09.xsd" key="MiningSchema">
<config key="learning">
<entry key="array-size" type="xint" value="21"/>
<entry key="0" type="xstring" value="Col1"/>
<entry key="1" type="xstring" value="Col2"/>
<entry key="2" type="xstring" value="Col3"/>
<entry key="3" type="xstring" value="Col4"/>
<entry key="4" type="xstring" value="Col5"/>
<entry key="5" type="xstring" value="Col6"/>
<entry key="6" type="xstring" value="Col7"/>
<entry key="7" type="xstring" value="Col9"/>
<entry key="8" type="xstring" value="Col10"/>
<entry key="9" type="xstring" value="Col11"/>
<entry key="10" type="xstring" value="Col12"/>
<entry key="11" type="xstring" value="Col13"/>
<entry key="12" type="xstring" value="Col14"/>
<entry key="13" type="xstring" value="Col15"/>
<entry key="14" type="xstring" value="Col16"/>
<entry key="15" type="xstring" value="Col17"/>
<entry key="16" type="xstring" value="Col18"/>
<entry key="17" type="xstring" value="Col19"/>
<entry key="18" type="xstring" value="Col20"/>
<entry key="19" type="xstring" value="Col21"/>
<entry key="20" type="xstring" value="Col22"/>
</config>
<config key="target">
<entry key="array-size" type="xint" value="1"/>
<entry key="0" type="xstring" value="Col0"/>
</config>
</config>
